input_size,output_size,kernel_size,stride,padding,forward_featuremap_internal_padding,forward_featuremap_external_padding,forward_weight_internal_padding,forward_featuremap_elements_after_im2col,forward_featuremap_zeros_after_im2col,loss_featuremap_internal_padding,loss_featuremap_external_padding,loss_weight_internal_padding,loss_featuremap_elements_after_im2col,loss_featuremap_zeros_after_im2col,gradient_featuremap_internal_padding,gradient_featuremap_external_padding,gradient_weight_internal_padding,gradient_featuremap_elements_after_im2col,gradient_featuremap_zeros_after_im2col,gradient_weight_zeros_after_im2col,forward_featuremap_sparsity_after_im2col,forward_weight_sparsity_after_im2col,loss_featuremap_sparsity_after_im2col,loss_weight_sparsity_after_im2col,gradient_featuremap_sparsity_after_im2col,gradient_weight_sparsity_after_im2col,forward_featuremap_additional_storage,loss_featuremap_additional_storage,gradient_kernal_additional_storage
"(-1, 3, 224, 224)","(-1, 64, 112, 112)","(7, 7)","(2, 2)","(3, 3)",0,"(3, 3)",0,1877043,47160,"(1, 1)","(3, 3)",0,157351936,118314432,0,"(3, 3)","(1, 1)",7441875,150432,2379840,0.02512462420946137,0,0.7519096047219909,0,0.020214260519022424,0.7477528202859498,0.036449432373046875,9.62890625,9.078369140625
"(-1, 64, 56, 56)","(-1, 128, 56, 56)","(1, 1)","(1, 1)","(0, 0)",0,"(0, 0)",0,200704,0,"(0, 0)","(0, 0)",0,401408,0,0,"(0, 0)","(0, 0)",200704,0,0,0.0,0,0.0,0,0.0,0.0,0.0,0.0,0.0
"(-1, 128, 56, 56)","(-1, 32, 56, 56)","(3, 3)","(1, 1)","(1, 1)",0,"(1, 1)",0,3612672,85504,"(0, 0)","(1, 1)",0,903168,21376,0,"(1, 1)","(0, 0)",3612672,85504,0,0.02366780045351474,0,0.02366780045351474,0,0.02366780045351474,0.0,0.111328125,0.02783203125,0.0
"(-1, 96, 56, 56)","(-1, 128, 56, 56)","(1, 1)","(1, 1)","(0, 0)",0,"(0, 0)",0,301056,0,"(0, 0)","(0, 0)",0,401408,0,0,"(0, 0)","(0, 0)",301056,0,0,0.0,0,0.0,0,0.0,0.0,0.0,0.0,0.0
"(-1, 128, 56, 56)","(-1, 32, 56, 56)","(3, 3)","(1, 1)","(1, 1)",0,"(1, 1)",0,3612672,85504,"(0, 0)","(1, 1)",0,903168,21376,0,"(1, 1)","(0, 0)",3612672,85504,0,0.02366780045351474,0,0.02366780045351474,0,0.02366780045351474,0.0,0.111328125,0.02783203125,0.0
"(-1, 128, 56, 56)","(-1, 128, 56, 56)","(1, 1)","(1, 1)","(0, 0)",0,"(0, 0)",0,401408,0,"(0, 0)","(0, 0)",0,401408,0,0,"(0, 0)","(0, 0)",401408,0,0,0.0,0,0.0,0,0.0,0.0,0.0,0.0,0.0
"(-1, 128, 56, 56)","(-1, 32, 56, 56)","(3, 3)","(1, 1)","(1, 1)",0,"(1, 1)",0,3612672,85504,"(0, 0)","(1, 1)",0,903168,21376,0,"(1, 1)","(0, 0)",3612672,85504,0,0.02366780045351474,0,0.02366780045351474,0,0.02366780045351474,0.0,0.111328125,0.02783203125,0.0
"(-1, 160, 56, 56)","(-1, 128, 56, 56)","(1, 1)","(1, 1)","(0, 0)",0,"(0, 0)",0,501760,0,"(0, 0)","(0, 0)",0,401408,0,0,"(0, 0)","(0, 0)",501760,0,0,0.0,0,0.0,0,0.0,0.0,0.0,0.0,0.0
"(-1, 128, 56, 56)","(-1, 32, 56, 56)","(3, 3)","(1, 1)","(1, 1)",0,"(1, 1)",0,3612672,85504,"(0, 0)","(1, 1)",0,903168,21376,0,"(1, 1)","(0, 0)",3612672,85504,0,0.02366780045351474,0,0.02366780045351474,0,0.02366780045351474,0.0,0.111328125,0.02783203125,0.0
"(-1, 192, 56, 56)","(-1, 128, 56, 56)","(1, 1)","(1, 1)","(0, 0)",0,"(0, 0)",0,602112,0,"(0, 0)","(0, 0)",0,401408,0,0,"(0, 0)","(0, 0)",602112,0,0,0.0,0,0.0,0,0.0,0.0,0.0,0.0,0.0
"(-1, 128, 56, 56)","(-1, 32, 56, 56)","(3, 3)","(1, 1)","(1, 1)",0,"(1, 1)",0,3612672,85504,"(0, 0)","(1, 1)",0,903168,21376,0,"(1, 1)","(0, 0)",3612672,85504,0,0.02366780045351474,0,0.02366780045351474,0,0.02366780045351474,0.0,0.111328125,0.02783203125,0.0
"(-1, 224, 56, 56)","(-1, 128, 56, 56)","(1, 1)","(1, 1)","(0, 0)",0,"(0, 0)",0,702464,0,"(0, 0)","(0, 0)",0,401408,0,0,"(0, 0)","(0, 0)",702464,0,0,0.0,0,0.0,0,0.0,0.0,0.0,0.0,0.0
"(-1, 128, 56, 56)","(-1, 32, 56, 56)","(3, 3)","(1, 1)","(1, 1)",0,"(1, 1)",0,3612672,85504,"(0, 0)","(1, 1)",0,903168,21376,0,"(1, 1)","(0, 0)",3612672,85504,0,0.02366780045351474,0,0.02366780045351474,0,0.02366780045351474,0.0,0.111328125,0.02783203125,0.0
"(-1, 256, 56, 56)","(-1, 128, 56, 56)","(1, 1)","(1, 1)","(0, 0)",0,"(0, 0)",0,802816,0,"(0, 0)","(0, 0)",0,401408,0,0,"(0, 0)","(0, 0)",802816,0,0,0.0,0,0.0,0,0.0,0.0,0.0,0.0,0.0
"(-1, 128, 28, 28)","(-1, 128, 28, 28)","(1, 1)","(1, 1)","(0, 0)",0,"(0, 0)",0,100352,0,"(0, 0)","(0, 0)",0,100352,0,0,"(0, 0)","(0, 0)",100352,0,0,0.0,0,0.0,0,0.0,0.0,0.0,0.0,0.0
"(-1, 128, 28, 28)","(-1, 32, 28, 28)","(3, 3)","(1, 1)","(1, 1)",0,"(1, 1)",0,903168,42496,"(0, 0)","(1, 1)",0,225792,10624,0,"(1, 1)","(0, 0)",903168,42496,0,0.04705215419501134,0,0.04705215419501134,0,0.04705215419501134,0.0,0.056640625,0.01416015625,0.0
"(-1, 160, 28, 28)","(-1, 128, 28, 28)","(1, 1)","(1, 1)","(0, 0)",0,"(0, 0)",0,125440,0,"(0, 0)","(0, 0)",0,100352,0,0,"(0, 0)","(0, 0)",125440,0,0,0.0,0,0.0,0,0.0,0.0,0.0,0.0,0.0
"(-1, 128, 28, 28)","(-1, 32, 28, 28)","(3, 3)","(1, 1)","(1, 1)",0,"(1, 1)",0,903168,42496,"(0, 0)","(1, 1)",0,225792,10624,0,"(1, 1)","(0, 0)",903168,42496,0,0.04705215419501134,0,0.04705215419501134,0,0.04705215419501134,0.0,0.056640625,0.01416015625,0.0
"(-1, 192, 28, 28)","(-1, 128, 28, 28)","(1, 1)","(1, 1)","(0, 0)",0,"(0, 0)",0,150528,0,"(0, 0)","(0, 0)",0,100352,0,0,"(0, 0)","(0, 0)",150528,0,0,0.0,0,0.0,0,0.0,0.0,0.0,0.0,0.0
"(-1, 128, 28, 28)","(-1, 32, 28, 28)","(3, 3)","(1, 1)","(1, 1)",0,"(1, 1)",0,903168,42496,"(0, 0)","(1, 1)",0,225792,10624,0,"(1, 1)","(0, 0)",903168,42496,0,0.04705215419501134,0,0.04705215419501134,0,0.04705215419501134,0.0,0.056640625,0.01416015625,0.0
"(-1, 224, 28, 28)","(-1, 128, 28, 28)","(1, 1)","(1, 1)","(0, 0)",0,"(0, 0)",0,175616,0,"(0, 0)","(0, 0)",0,100352,0,0,"(0, 0)","(0, 0)",175616,0,0,0.0,0,0.0,0,0.0,0.0,0.0,0.0,0.0
"(-1, 128, 28, 28)","(-1, 32, 28, 28)","(3, 3)","(1, 1)","(1, 1)",0,"(1, 1)",0,903168,42496,"(0, 0)","(1, 1)",0,225792,10624,0,"(1, 1)","(0, 0)",903168,42496,0,0.04705215419501134,0,0.04705215419501134,0,0.04705215419501134,0.0,0.056640625,0.01416015625,0.0
"(-1, 256, 28, 28)","(-1, 128, 28, 28)","(1, 1)","(1, 1)","(0, 0)",0,"(0, 0)",0,200704,0,"(0, 0)","(0, 0)",0,100352,0,0,"(0, 0)","(0, 0)",200704,0,0,0.0,0,0.0,0,0.0,0.0,0.0,0.0,0.0
"(-1, 128, 28, 28)","(-1, 32, 28, 28)","(3, 3)","(1, 1)","(1, 1)",0,"(1, 1)",0,903168,42496,"(0, 0)","(1, 1)",0,225792,10624,0,"(1, 1)","(0, 0)",903168,42496,0,0.04705215419501134,0,0.04705215419501134,0,0.04705215419501134,0.0,0.056640625,0.01416015625,0.0
"(-1, 288, 28, 28)","(-1, 128, 28, 28)","(1, 1)","(1, 1)","(0, 0)",0,"(0, 0)",0,225792,0,"(0, 0)","(0, 0)",0,100352,0,0,"(0, 0)","(0, 0)",225792,0,0,0.0,0,0.0,0,0.0,0.0,0.0,0.0,0.0
"(-1, 128, 28, 28)","(-1, 32, 28, 28)","(3, 3)","(1, 1)","(1, 1)",0,"(1, 1)",0,903168,42496,"(0, 0)","(1, 1)",0,225792,10624,0,"(1, 1)","(0, 0)",903168,42496,0,0.04705215419501134,0,0.04705215419501134,0,0.04705215419501134,0.0,0.056640625,0.01416015625,0.0
"(-1, 320, 28, 28)","(-1, 128, 28, 28)","(1, 1)","(1, 1)","(0, 0)",0,"(0, 0)",0,250880,0,"(0, 0)","(0, 0)",0,100352,0,0,"(0, 0)","(0, 0)",250880,0,0,0.0,0,0.0,0,0.0,0.0,0.0,0.0,0.0
"(-1, 128, 28, 28)","(-1, 32, 28, 28)","(3, 3)","(1, 1)","(1, 1)",0,"(1, 1)",0,903168,42496,"(0, 0)","(1, 1)",0,225792,10624,0,"(1, 1)","(0, 0)",903168,42496,0,0.04705215419501134,0,0.04705215419501134,0,0.04705215419501134,0.0,0.056640625,0.01416015625,0.0
"(-1, 352, 28, 28)","(-1, 128, 28, 28)","(1, 1)","(1, 1)","(0, 0)",0,"(0, 0)",0,275968,0,"(0, 0)","(0, 0)",0,100352,0,0,"(0, 0)","(0, 0)",275968,0,0,0.0,0,0.0,0,0.0,0.0,0.0,0.0,0.0
"(-1, 128, 28, 28)","(-1, 32, 28, 28)","(3, 3)","(1, 1)","(1, 1)",0,"(1, 1)",0,903168,42496,"(0, 0)","(1, 1)",0,225792,10624,0,"(1, 1)","(0, 0)",903168,42496,0,0.04705215419501134,0,0.04705215419501134,0,0.04705215419501134,0.0,0.056640625,0.01416015625,0.0
"(-1, 384, 28, 28)","(-1, 128, 28, 28)","(1, 1)","(1, 1)","(0, 0)",0,"(0, 0)",0,301056,0,"(0, 0)","(0, 0)",0,100352,0,0,"(0, 0)","(0, 0)",301056,0,0,0.0,0,0.0,0,0.0,0.0,0.0,0.0,0.0
"(-1, 128, 28, 28)","(-1, 32, 28, 28)","(3, 3)","(1, 1)","(1, 1)",0,"(1, 1)",0,903168,42496,"(0, 0)","(1, 1)",0,225792,10624,0,"(1, 1)","(0, 0)",903168,42496,0,0.04705215419501134,0,0.04705215419501134,0,0.04705215419501134,0.0,0.056640625,0.01416015625,0.0
"(-1, 416, 28, 28)","(-1, 128, 28, 28)","(1, 1)","(1, 1)","(0, 0)",0,"(0, 0)",0,326144,0,"(0, 0)","(0, 0)",0,100352,0,0,"(0, 0)","(0, 0)",326144,0,0,0.0,0,0.0,0,0.0,0.0,0.0,0.0,0.0
"(-1, 128, 28, 28)","(-1, 32, 28, 28)","(3, 3)","(1, 1)","(1, 1)",0,"(1, 1)",0,903168,42496,"(0, 0)","(1, 1)",0,225792,10624,0,"(1, 1)","(0, 0)",903168,42496,0,0.04705215419501134,0,0.04705215419501134,0,0.04705215419501134,0.0,0.056640625,0.01416015625,0.0
"(-1, 448, 28, 28)","(-1, 128, 28, 28)","(1, 1)","(1, 1)","(0, 0)",0,"(0, 0)",0,351232,0,"(0, 0)","(0, 0)",0,100352,0,0,"(0, 0)","(0, 0)",351232,0,0,0.0,0,0.0,0,0.0,0.0,0.0,0.0,0.0
"(-1, 128, 28, 28)","(-1, 32, 28, 28)","(3, 3)","(1, 1)","(1, 1)",0,"(1, 1)",0,903168,42496,"(0, 0)","(1, 1)",0,225792,10624,0,"(1, 1)","(0, 0)",903168,42496,0,0.04705215419501134,0,0.04705215419501134,0,0.04705215419501134,0.0,0.056640625,0.01416015625,0.0
"(-1, 480, 28, 28)","(-1, 128, 28, 28)","(1, 1)","(1, 1)","(0, 0)",0,"(0, 0)",0,376320,0,"(0, 0)","(0, 0)",0,100352,0,0,"(0, 0)","(0, 0)",376320,0,0,0.0,0,0.0,0,0.0,0.0,0.0,0.0,0.0
"(-1, 128, 28, 28)","(-1, 32, 28, 28)","(3, 3)","(1, 1)","(1, 1)",0,"(1, 1)",0,903168,42496,"(0, 0)","(1, 1)",0,225792,10624,0,"(1, 1)","(0, 0)",903168,42496,0,0.04705215419501134,0,0.04705215419501134,0,0.04705215419501134,0.0,0.056640625,0.01416015625,0.0
"(-1, 512, 28, 28)","(-1, 256, 28, 28)","(1, 1)","(1, 1)","(0, 0)",0,"(0, 0)",0,401408,0,"(0, 0)","(0, 0)",0,200704,0,0,"(0, 0)","(0, 0)",401408,0,0,0.0,0,0.0,0,0.0,0.0,0.0,0.0,0.0
"(-1, 256, 14, 14)","(-1, 128, 14, 14)","(1, 1)","(1, 1)","(0, 0)",0,"(0, 0)",0,50176,0,"(0, 0)","(0, 0)",0,25088,0,0,"(0, 0)","(0, 0)",50176,0,0,0.0,0,0.0,0,0.0,0.0,0.0,0.0,0.0
"(-1, 128, 14, 14)","(-1, 32, 14, 14)","(3, 3)","(1, 1)","(1, 1)",0,"(1, 1)",0,225792,20992,"(0, 0)","(1, 1)",0,56448,5248,0,"(1, 1)","(0, 0)",225792,20992,0,0.09297052154195011,0,0.09297052154195011,0,0.09297052154195011,0.0,0.029296875,0.00732421875,0.0
"(-1, 288, 14, 14)","(-1, 128, 14, 14)","(1, 1)","(1, 1)","(0, 0)",0,"(0, 0)",0,56448,0,"(0, 0)","(0, 0)",0,25088,0,0,"(0, 0)","(0, 0)",56448,0,0,0.0,0,0.0,0,0.0,0.0,0.0,0.0,0.0
"(-1, 128, 14, 14)","(-1, 32, 14, 14)","(3, 3)","(1, 1)","(1, 1)",0,"(1, 1)",0,225792,20992,"(0, 0)","(1, 1)",0,56448,5248,0,"(1, 1)","(0, 0)",225792,20992,0,0.09297052154195011,0,0.09297052154195011,0,0.09297052154195011,0.0,0.029296875,0.00732421875,0.0
"(-1, 320, 14, 14)","(-1, 128, 14, 14)","(1, 1)","(1, 1)","(0, 0)",0,"(0, 0)",0,62720,0,"(0, 0)","(0, 0)",0,25088,0,0,"(0, 0)","(0, 0)",62720,0,0,0.0,0,0.0,0,0.0,0.0,0.0,0.0,0.0
"(-1, 128, 14, 14)","(-1, 32, 14, 14)","(3, 3)","(1, 1)","(1, 1)",0,"(1, 1)",0,225792,20992,"(0, 0)","(1, 1)",0,56448,5248,0,"(1, 1)","(0, 0)",225792,20992,0,0.09297052154195011,0,0.09297052154195011,0,0.09297052154195011,0.0,0.029296875,0.00732421875,0.0
"(-1, 352, 14, 14)","(-1, 128, 14, 14)","(1, 1)","(1, 1)","(0, 0)",0,"(0, 0)",0,68992,0,"(0, 0)","(0, 0)",0,25088,0,0,"(0, 0)","(0, 0)",68992,0,0,0.0,0,0.0,0,0.0,0.0,0.0,0.0,0.0
"(-1, 128, 14, 14)","(-1, 32, 14, 14)","(3, 3)","(1, 1)","(1, 1)",0,"(1, 1)",0,225792,20992,"(0, 0)","(1, 1)",0,56448,5248,0,"(1, 1)","(0, 0)",225792,20992,0,0.09297052154195011,0,0.09297052154195011,0,0.09297052154195011,0.0,0.029296875,0.00732421875,0.0
"(-1, 384, 14, 14)","(-1, 128, 14, 14)","(1, 1)","(1, 1)","(0, 0)",0,"(0, 0)",0,75264,0,"(0, 0)","(0, 0)",0,25088,0,0,"(0, 0)","(0, 0)",75264,0,0,0.0,0,0.0,0,0.0,0.0,0.0,0.0,0.0
"(-1, 128, 14, 14)","(-1, 32, 14, 14)","(3, 3)","(1, 1)","(1, 1)",0,"(1, 1)",0,225792,20992,"(0, 0)","(1, 1)",0,56448,5248,0,"(1, 1)","(0, 0)",225792,20992,0,0.09297052154195011,0,0.09297052154195011,0,0.09297052154195011,0.0,0.029296875,0.00732421875,0.0
"(-1, 416, 14, 14)","(-1, 128, 14, 14)","(1, 1)","(1, 1)","(0, 0)",0,"(0, 0)",0,81536,0,"(0, 0)","(0, 0)",0,25088,0,0,"(0, 0)","(0, 0)",81536,0,0,0.0,0,0.0,0,0.0,0.0,0.0,0.0,0.0
"(-1, 128, 14, 14)","(-1, 32, 14, 14)","(3, 3)","(1, 1)","(1, 1)",0,"(1, 1)",0,225792,20992,"(0, 0)","(1, 1)",0,56448,5248,0,"(1, 1)","(0, 0)",225792,20992,0,0.09297052154195011,0,0.09297052154195011,0,0.09297052154195011,0.0,0.029296875,0.00732421875,0.0
"(-1, 448, 14, 14)","(-1, 128, 14, 14)","(1, 1)","(1, 1)","(0, 0)",0,"(0, 0)",0,87808,0,"(0, 0)","(0, 0)",0,25088,0,0,"(0, 0)","(0, 0)",87808,0,0,0.0,0,0.0,0,0.0,0.0,0.0,0.0,0.0
"(-1, 128, 14, 14)","(-1, 32, 14, 14)","(3, 3)","(1, 1)","(1, 1)",0,"(1, 1)",0,225792,20992,"(0, 0)","(1, 1)",0,56448,5248,0,"(1, 1)","(0, 0)",225792,20992,0,0.09297052154195011,0,0.09297052154195011,0,0.09297052154195011,0.0,0.029296875,0.00732421875,0.0
"(-1, 480, 14, 14)","(-1, 128, 14, 14)","(1, 1)","(1, 1)","(0, 0)",0,"(0, 0)",0,94080,0,"(0, 0)","(0, 0)",0,25088,0,0,"(0, 0)","(0, 0)",94080,0,0,0.0,0,0.0,0,0.0,0.0,0.0,0.0,0.0
"(-1, 128, 14, 14)","(-1, 32, 14, 14)","(3, 3)","(1, 1)","(1, 1)",0,"(1, 1)",0,225792,20992,"(0, 0)","(1, 1)",0,56448,5248,0,"(1, 1)","(0, 0)",225792,20992,0,0.09297052154195011,0,0.09297052154195011,0,0.09297052154195011,0.0,0.029296875,0.00732421875,0.0
"(-1, 512, 14, 14)","(-1, 128, 14, 14)","(1, 1)","(1, 1)","(0, 0)",0,"(0, 0)",0,100352,0,"(0, 0)","(0, 0)",0,25088,0,0,"(0, 0)","(0, 0)",100352,0,0,0.0,0,0.0,0,0.0,0.0,0.0,0.0,0.0
"(-1, 128, 14, 14)","(-1, 32, 14, 14)","(3, 3)","(1, 1)","(1, 1)",0,"(1, 1)",0,225792,20992,"(0, 0)","(1, 1)",0,56448,5248,0,"(1, 1)","(0, 0)",225792,20992,0,0.09297052154195011,0,0.09297052154195011,0,0.09297052154195011,0.0,0.029296875,0.00732421875,0.0
"(-1, 544, 14, 14)","(-1, 128, 14, 14)","(1, 1)","(1, 1)","(0, 0)",0,"(0, 0)",0,106624,0,"(0, 0)","(0, 0)",0,25088,0,0,"(0, 0)","(0, 0)",106624,0,0,0.0,0,0.0,0,0.0,0.0,0.0,0.0,0.0
"(-1, 128, 14, 14)","(-1, 32, 14, 14)","(3, 3)","(1, 1)","(1, 1)",0,"(1, 1)",0,225792,20992,"(0, 0)","(1, 1)",0,56448,5248,0,"(1, 1)","(0, 0)",225792,20992,0,0.09297052154195011,0,0.09297052154195011,0,0.09297052154195011,0.0,0.029296875,0.00732421875,0.0
"(-1, 576, 14, 14)","(-1, 128, 14, 14)","(1, 1)","(1, 1)","(0, 0)",0,"(0, 0)",0,112896,0,"(0, 0)","(0, 0)",0,25088,0,0,"(0, 0)","(0, 0)",112896,0,0,0.0,0,0.0,0,0.0,0.0,0.0,0.0,0.0
"(-1, 128, 14, 14)","(-1, 32, 14, 14)","(3, 3)","(1, 1)","(1, 1)",0,"(1, 1)",0,225792,20992,"(0, 0)","(1, 1)",0,56448,5248,0,"(1, 1)","(0, 0)",225792,20992,0,0.09297052154195011,0,0.09297052154195011,0,0.09297052154195011,0.0,0.029296875,0.00732421875,0.0
"(-1, 608, 14, 14)","(-1, 128, 14, 14)","(1, 1)","(1, 1)","(0, 0)",0,"(0, 0)",0,119168,0,"(0, 0)","(0, 0)",0,25088,0,0,"(0, 0)","(0, 0)",119168,0,0,0.0,0,0.0,0,0.0,0.0,0.0,0.0,0.0
"(-1, 128, 14, 14)","(-1, 32, 14, 14)","(3, 3)","(1, 1)","(1, 1)",0,"(1, 1)",0,225792,20992,"(0, 0)","(1, 1)",0,56448,5248,0,"(1, 1)","(0, 0)",225792,20992,0,0.09297052154195011,0,0.09297052154195011,0,0.09297052154195011,0.0,0.029296875,0.00732421875,0.0
"(-1, 640, 14, 14)","(-1, 128, 14, 14)","(1, 1)","(1, 1)","(0, 0)",0,"(0, 0)",0,125440,0,"(0, 0)","(0, 0)",0,25088,0,0,"(0, 0)","(0, 0)",125440,0,0,0.0,0,0.0,0,0.0,0.0,0.0,0.0,0.0
"(-1, 128, 14, 14)","(-1, 32, 14, 14)","(3, 3)","(1, 1)","(1, 1)",0,"(1, 1)",0,225792,20992,"(0, 0)","(1, 1)",0,56448,5248,0,"(1, 1)","(0, 0)",225792,20992,0,0.09297052154195011,0,0.09297052154195011,0,0.09297052154195011,0.0,0.029296875,0.00732421875,0.0
"(-1, 672, 14, 14)","(-1, 128, 14, 14)","(1, 1)","(1, 1)","(0, 0)",0,"(0, 0)",0,131712,0,"(0, 0)","(0, 0)",0,25088,0,0,"(0, 0)","(0, 0)",131712,0,0,0.0,0,0.0,0,0.0,0.0,0.0,0.0,0.0
"(-1, 128, 14, 14)","(-1, 32, 14, 14)","(3, 3)","(1, 1)","(1, 1)",0,"(1, 1)",0,225792,20992,"(0, 0)","(1, 1)",0,56448,5248,0,"(1, 1)","(0, 0)",225792,20992,0,0.09297052154195011,0,0.09297052154195011,0,0.09297052154195011,0.0,0.029296875,0.00732421875,0.0
"(-1, 704, 14, 14)","(-1, 128, 14, 14)","(1, 1)","(1, 1)","(0, 0)",0,"(0, 0)",0,137984,0,"(0, 0)","(0, 0)",0,25088,0,0,"(0, 0)","(0, 0)",137984,0,0,0.0,0,0.0,0,0.0,0.0,0.0,0.0,0.0
"(-1, 128, 14, 14)","(-1, 32, 14, 14)","(3, 3)","(1, 1)","(1, 1)",0,"(1, 1)",0,225792,20992,"(0, 0)","(1, 1)",0,56448,5248,0,"(1, 1)","(0, 0)",225792,20992,0,0.09297052154195011,0,0.09297052154195011,0,0.09297052154195011,0.0,0.029296875,0.00732421875,0.0
"(-1, 736, 14, 14)","(-1, 128, 14, 14)","(1, 1)","(1, 1)","(0, 0)",0,"(0, 0)",0,144256,0,"(0, 0)","(0, 0)",0,25088,0,0,"(0, 0)","(0, 0)",144256,0,0,0.0,0,0.0,0,0.0,0.0,0.0,0.0,0.0
"(-1, 128, 14, 14)","(-1, 32, 14, 14)","(3, 3)","(1, 1)","(1, 1)",0,"(1, 1)",0,225792,20992,"(0, 0)","(1, 1)",0,56448,5248,0,"(1, 1)","(0, 0)",225792,20992,0,0.09297052154195011,0,0.09297052154195011,0,0.09297052154195011,0.0,0.029296875,0.00732421875,0.0
"(-1, 768, 14, 14)","(-1, 128, 14, 14)","(1, 1)","(1, 1)","(0, 0)",0,"(0, 0)",0,150528,0,"(0, 0)","(0, 0)",0,25088,0,0,"(0, 0)","(0, 0)",150528,0,0,0.0,0,0.0,0,0.0,0.0,0.0,0.0,0.0
"(-1, 128, 14, 14)","(-1, 32, 14, 14)","(3, 3)","(1, 1)","(1, 1)",0,"(1, 1)",0,225792,20992,"(0, 0)","(1, 1)",0,56448,5248,0,"(1, 1)","(0, 0)",225792,20992,0,0.09297052154195011,0,0.09297052154195011,0,0.09297052154195011,0.0,0.029296875,0.00732421875,0.0
"(-1, 800, 14, 14)","(-1, 128, 14, 14)","(1, 1)","(1, 1)","(0, 0)",0,"(0, 0)",0,156800,0,"(0, 0)","(0, 0)",0,25088,0,0,"(0, 0)","(0, 0)",156800,0,0,0.0,0,0.0,0,0.0,0.0,0.0,0.0,0.0
"(-1, 128, 14, 14)","(-1, 32, 14, 14)","(3, 3)","(1, 1)","(1, 1)",0,"(1, 1)",0,225792,20992,"(0, 0)","(1, 1)",0,56448,5248,0,"(1, 1)","(0, 0)",225792,20992,0,0.09297052154195011,0,0.09297052154195011,0,0.09297052154195011,0.0,0.029296875,0.00732421875,0.0
"(-1, 832, 14, 14)","(-1, 128, 14, 14)","(1, 1)","(1, 1)","(0, 0)",0,"(0, 0)",0,163072,0,"(0, 0)","(0, 0)",0,25088,0,0,"(0, 0)","(0, 0)",163072,0,0,0.0,0,0.0,0,0.0,0.0,0.0,0.0,0.0
"(-1, 128, 14, 14)","(-1, 32, 14, 14)","(3, 3)","(1, 1)","(1, 1)",0,"(1, 1)",0,225792,20992,"(0, 0)","(1, 1)",0,56448,5248,0,"(1, 1)","(0, 0)",225792,20992,0,0.09297052154195011,0,0.09297052154195011,0,0.09297052154195011,0.0,0.029296875,0.00732421875,0.0
"(-1, 864, 14, 14)","(-1, 128, 14, 14)","(1, 1)","(1, 1)","(0, 0)",0,"(0, 0)",0,169344,0,"(0, 0)","(0, 0)",0,25088,0,0,"(0, 0)","(0, 0)",169344,0,0,0.0,0,0.0,0,0.0,0.0,0.0,0.0,0.0
"(-1, 128, 14, 14)","(-1, 32, 14, 14)","(3, 3)","(1, 1)","(1, 1)",0,"(1, 1)",0,225792,20992,"(0, 0)","(1, 1)",0,56448,5248,0,"(1, 1)","(0, 0)",225792,20992,0,0.09297052154195011,0,0.09297052154195011,0,0.09297052154195011,0.0,0.029296875,0.00732421875,0.0
"(-1, 896, 14, 14)","(-1, 128, 14, 14)","(1, 1)","(1, 1)","(0, 0)",0,"(0, 0)",0,175616,0,"(0, 0)","(0, 0)",0,25088,0,0,"(0, 0)","(0, 0)",175616,0,0,0.0,0,0.0,0,0.0,0.0,0.0,0.0,0.0
"(-1, 128, 14, 14)","(-1, 32, 14, 14)","(3, 3)","(1, 1)","(1, 1)",0,"(1, 1)",0,225792,20992,"(0, 0)","(1, 1)",0,56448,5248,0,"(1, 1)","(0, 0)",225792,20992,0,0.09297052154195011,0,0.09297052154195011,0,0.09297052154195011,0.0,0.029296875,0.00732421875,0.0
"(-1, 928, 14, 14)","(-1, 128, 14, 14)","(1, 1)","(1, 1)","(0, 0)",0,"(0, 0)",0,181888,0,"(0, 0)","(0, 0)",0,25088,0,0,"(0, 0)","(0, 0)",181888,0,0,0.0,0,0.0,0,0.0,0.0,0.0,0.0,0.0
"(-1, 128, 14, 14)","(-1, 32, 14, 14)","(3, 3)","(1, 1)","(1, 1)",0,"(1, 1)",0,225792,20992,"(0, 0)","(1, 1)",0,56448,5248,0,"(1, 1)","(0, 0)",225792,20992,0,0.09297052154195011,0,0.09297052154195011,0,0.09297052154195011,0.0,0.029296875,0.00732421875,0.0
"(-1, 960, 14, 14)","(-1, 128, 14, 14)","(1, 1)","(1, 1)","(0, 0)",0,"(0, 0)",0,188160,0,"(0, 0)","(0, 0)",0,25088,0,0,"(0, 0)","(0, 0)",188160,0,0,0.0,0,0.0,0,0.0,0.0,0.0,0.0,0.0
"(-1, 128, 14, 14)","(-1, 32, 14, 14)","(3, 3)","(1, 1)","(1, 1)",0,"(1, 1)",0,225792,20992,"(0, 0)","(1, 1)",0,56448,5248,0,"(1, 1)","(0, 0)",225792,20992,0,0.09297052154195011,0,0.09297052154195011,0,0.09297052154195011,0.0,0.029296875,0.00732421875,0.0
"(-1, 992, 14, 14)","(-1, 128, 14, 14)","(1, 1)","(1, 1)","(0, 0)",0,"(0, 0)",0,194432,0,"(0, 0)","(0, 0)",0,25088,0,0,"(0, 0)","(0, 0)",194432,0,0,0.0,0,0.0,0,0.0,0.0,0.0,0.0,0.0
"(-1, 128, 14, 14)","(-1, 32, 14, 14)","(3, 3)","(1, 1)","(1, 1)",0,"(1, 1)",0,225792,20992,"(0, 0)","(1, 1)",0,56448,5248,0,"(1, 1)","(0, 0)",225792,20992,0,0.09297052154195011,0,0.09297052154195011,0,0.09297052154195011,0.0,0.029296875,0.00732421875,0.0
"(-1, 1024, 14, 14)","(-1, 128, 14, 14)","(1, 1)","(1, 1)","(0, 0)",0,"(0, 0)",0,200704,0,"(0, 0)","(0, 0)",0,25088,0,0,"(0, 0)","(0, 0)",200704,0,0,0.0,0,0.0,0,0.0,0.0,0.0,0.0,0.0
"(-1, 128, 14, 14)","(-1, 32, 14, 14)","(3, 3)","(1, 1)","(1, 1)",0,"(1, 1)",0,225792,20992,"(0, 0)","(1, 1)",0,56448,5248,0,"(1, 1)","(0, 0)",225792,20992,0,0.09297052154195011,0,0.09297052154195011,0,0.09297052154195011,0.0,0.029296875,0.00732421875,0.0
"(-1, 1056, 14, 14)","(-1, 128, 14, 14)","(1, 1)","(1, 1)","(0, 0)",0,"(0, 0)",0,206976,0,"(0, 0)","(0, 0)",0,25088,0,0,"(0, 0)","(0, 0)",206976,0,0,0.0,0,0.0,0,0.0,0.0,0.0,0.0,0.0
"(-1, 128, 14, 14)","(-1, 32, 14, 14)","(3, 3)","(1, 1)","(1, 1)",0,"(1, 1)",0,225792,20992,"(0, 0)","(1, 1)",0,56448,5248,0,"(1, 1)","(0, 0)",225792,20992,0,0.09297052154195011,0,0.09297052154195011,0,0.09297052154195011,0.0,0.029296875,0.00732421875,0.0
"(-1, 1088, 14, 14)","(-1, 128, 14, 14)","(1, 1)","(1, 1)","(0, 0)",0,"(0, 0)",0,213248,0,"(0, 0)","(0, 0)",0,25088,0,0,"(0, 0)","(0, 0)",213248,0,0,0.0,0,0.0,0,0.0,0.0,0.0,0.0,0.0
"(-1, 128, 14, 14)","(-1, 32, 14, 14)","(3, 3)","(1, 1)","(1, 1)",0,"(1, 1)",0,225792,20992,"(0, 0)","(1, 1)",0,56448,5248,0,"(1, 1)","(0, 0)",225792,20992,0,0.09297052154195011,0,0.09297052154195011,0,0.09297052154195011,0.0,0.029296875,0.00732421875,0.0
"(-1, 1120, 14, 14)","(-1, 128, 14, 14)","(1, 1)","(1, 1)","(0, 0)",0,"(0, 0)",0,219520,0,"(0, 0)","(0, 0)",0,25088,0,0,"(0, 0)","(0, 0)",219520,0,0,0.0,0,0.0,0,0.0,0.0,0.0,0.0,0.0
"(-1, 128, 14, 14)","(-1, 32, 14, 14)","(3, 3)","(1, 1)","(1, 1)",0,"(1, 1)",0,225792,20992,"(0, 0)","(1, 1)",0,56448,5248,0,"(1, 1)","(0, 0)",225792,20992,0,0.09297052154195011,0,0.09297052154195011,0,0.09297052154195011,0.0,0.029296875,0.00732421875,0.0
"(-1, 1152, 14, 14)","(-1, 128, 14, 14)","(1, 1)","(1, 1)","(0, 0)",0,"(0, 0)",0,225792,0,"(0, 0)","(0, 0)",0,25088,0,0,"(0, 0)","(0, 0)",225792,0,0,0.0,0,0.0,0,0.0,0.0,0.0,0.0,0.0
"(-1, 128, 14, 14)","(-1, 32, 14, 14)","(3, 3)","(1, 1)","(1, 1)",0,"(1, 1)",0,225792,20992,"(0, 0)","(1, 1)",0,56448,5248,0,"(1, 1)","(0, 0)",225792,20992,0,0.09297052154195011,0,0.09297052154195011,0,0.09297052154195011,0.0,0.029296875,0.00732421875,0.0
"(-1, 1184, 14, 14)","(-1, 128, 14, 14)","(1, 1)","(1, 1)","(0, 0)",0,"(0, 0)",0,232064,0,"(0, 0)","(0, 0)",0,25088,0,0,"(0, 0)","(0, 0)",232064,0,0,0.0,0,0.0,0,0.0,0.0,0.0,0.0,0.0
"(-1, 128, 14, 14)","(-1, 32, 14, 14)","(3, 3)","(1, 1)","(1, 1)",0,"(1, 1)",0,225792,20992,"(0, 0)","(1, 1)",0,56448,5248,0,"(1, 1)","(0, 0)",225792,20992,0,0.09297052154195011,0,0.09297052154195011,0,0.09297052154195011,0.0,0.029296875,0.00732421875,0.0
"(-1, 1216, 14, 14)","(-1, 128, 14, 14)","(1, 1)","(1, 1)","(0, 0)",0,"(0, 0)",0,238336,0,"(0, 0)","(0, 0)",0,25088,0,0,"(0, 0)","(0, 0)",238336,0,0,0.0,0,0.0,0,0.0,0.0,0.0,0.0,0.0
"(-1, 128, 14, 14)","(-1, 32, 14, 14)","(3, 3)","(1, 1)","(1, 1)",0,"(1, 1)",0,225792,20992,"(0, 0)","(1, 1)",0,56448,5248,0,"(1, 1)","(0, 0)",225792,20992,0,0.09297052154195011,0,0.09297052154195011,0,0.09297052154195011,0.0,0.029296875,0.00732421875,0.0
"(-1, 1248, 14, 14)","(-1, 128, 14, 14)","(1, 1)","(1, 1)","(0, 0)",0,"(0, 0)",0,244608,0,"(0, 0)","(0, 0)",0,25088,0,0,"(0, 0)","(0, 0)",244608,0,0,0.0,0,0.0,0,0.0,0.0,0.0,0.0,0.0
"(-1, 128, 14, 14)","(-1, 32, 14, 14)","(3, 3)","(1, 1)","(1, 1)",0,"(1, 1)",0,225792,20992,"(0, 0)","(1, 1)",0,56448,5248,0,"(1, 1)","(0, 0)",225792,20992,0,0.09297052154195011,0,0.09297052154195011,0,0.09297052154195011,0.0,0.029296875,0.00732421875,0.0
"(-1, 1280, 14, 14)","(-1, 128, 14, 14)","(1, 1)","(1, 1)","(0, 0)",0,"(0, 0)",0,250880,0,"(0, 0)","(0, 0)",0,25088,0,0,"(0, 0)","(0, 0)",250880,0,0,0.0,0,0.0,0,0.0,0.0,0.0,0.0,0.0
"(-1, 128, 14, 14)","(-1, 32, 14, 14)","(3, 3)","(1, 1)","(1, 1)",0,"(1, 1)",0,225792,20992,"(0, 0)","(1, 1)",0,56448,5248,0,"(1, 1)","(0, 0)",225792,20992,0,0.09297052154195011,0,0.09297052154195011,0,0.09297052154195011,0.0,0.029296875,0.00732421875,0.0
"(-1, 1312, 14, 14)","(-1, 128, 14, 14)","(1, 1)","(1, 1)","(0, 0)",0,"(0, 0)",0,257152,0,"(0, 0)","(0, 0)",0,25088,0,0,"(0, 0)","(0, 0)",257152,0,0,0.0,0,0.0,0,0.0,0.0,0.0,0.0,0.0
"(-1, 128, 14, 14)","(-1, 32, 14, 14)","(3, 3)","(1, 1)","(1, 1)",0,"(1, 1)",0,225792,20992,"(0, 0)","(1, 1)",0,56448,5248,0,"(1, 1)","(0, 0)",225792,20992,0,0.09297052154195011,0,0.09297052154195011,0,0.09297052154195011,0.0,0.029296875,0.00732421875,0.0
"(-1, 1344, 14, 14)","(-1, 128, 14, 14)","(1, 1)","(1, 1)","(0, 0)",0,"(0, 0)",0,263424,0,"(0, 0)","(0, 0)",0,25088,0,0,"(0, 0)","(0, 0)",263424,0,0,0.0,0,0.0,0,0.0,0.0,0.0,0.0,0.0
"(-1, 128, 14, 14)","(-1, 32, 14, 14)","(3, 3)","(1, 1)","(1, 1)",0,"(1, 1)",0,225792,20992,"(0, 0)","(1, 1)",0,56448,5248,0,"(1, 1)","(0, 0)",225792,20992,0,0.09297052154195011,0,0.09297052154195011,0,0.09297052154195011,0.0,0.029296875,0.00732421875,0.0
"(-1, 1376, 14, 14)","(-1, 128, 14, 14)","(1, 1)","(1, 1)","(0, 0)",0,"(0, 0)",0,269696,0,"(0, 0)","(0, 0)",0,25088,0,0,"(0, 0)","(0, 0)",269696,0,0,0.0,0,0.0,0,0.0,0.0,0.0,0.0,0.0
"(-1, 128, 14, 14)","(-1, 32, 14, 14)","(3, 3)","(1, 1)","(1, 1)",0,"(1, 1)",0,225792,20992,"(0, 0)","(1, 1)",0,56448,5248,0,"(1, 1)","(0, 0)",225792,20992,0,0.09297052154195011,0,0.09297052154195011,0,0.09297052154195011,0.0,0.029296875,0.00732421875,0.0
"(-1, 1408, 14, 14)","(-1, 128, 14, 14)","(1, 1)","(1, 1)","(0, 0)",0,"(0, 0)",0,275968,0,"(0, 0)","(0, 0)",0,25088,0,0,"(0, 0)","(0, 0)",275968,0,0,0.0,0,0.0,0,0.0,0.0,0.0,0.0,0.0
"(-1, 128, 14, 14)","(-1, 32, 14, 14)","(3, 3)","(1, 1)","(1, 1)",0,"(1, 1)",0,225792,20992,"(0, 0)","(1, 1)",0,56448,5248,0,"(1, 1)","(0, 0)",225792,20992,0,0.09297052154195011,0,0.09297052154195011,0,0.09297052154195011,0.0,0.029296875,0.00732421875,0.0
"(-1, 1440, 14, 14)","(-1, 128, 14, 14)","(1, 1)","(1, 1)","(0, 0)",0,"(0, 0)",0,282240,0,"(0, 0)","(0, 0)",0,25088,0,0,"(0, 0)","(0, 0)",282240,0,0,0.0,0,0.0,0,0.0,0.0,0.0,0.0,0.0
"(-1, 128, 14, 14)","(-1, 32, 14, 14)","(3, 3)","(1, 1)","(1, 1)",0,"(1, 1)",0,225792,20992,"(0, 0)","(1, 1)",0,56448,5248,0,"(1, 1)","(0, 0)",225792,20992,0,0.09297052154195011,0,0.09297052154195011,0,0.09297052154195011,0.0,0.029296875,0.00732421875,0.0
"(-1, 1472, 14, 14)","(-1, 128, 14, 14)","(1, 1)","(1, 1)","(0, 0)",0,"(0, 0)",0,288512,0,"(0, 0)","(0, 0)",0,25088,0,0,"(0, 0)","(0, 0)",288512,0,0,0.0,0,0.0,0,0.0,0.0,0.0,0.0,0.0
"(-1, 128, 14, 14)","(-1, 32, 14, 14)","(3, 3)","(1, 1)","(1, 1)",0,"(1, 1)",0,225792,20992,"(0, 0)","(1, 1)",0,56448,5248,0,"(1, 1)","(0, 0)",225792,20992,0,0.09297052154195011,0,0.09297052154195011,0,0.09297052154195011,0.0,0.029296875,0.00732421875,0.0
"(-1, 1504, 14, 14)","(-1, 128, 14, 14)","(1, 1)","(1, 1)","(0, 0)",0,"(0, 0)",0,294784,0,"(0, 0)","(0, 0)",0,25088,0,0,"(0, 0)","(0, 0)",294784,0,0,0.0,0,0.0,0,0.0,0.0,0.0,0.0,0.0
"(-1, 128, 14, 14)","(-1, 32, 14, 14)","(3, 3)","(1, 1)","(1, 1)",0,"(1, 1)",0,225792,20992,"(0, 0)","(1, 1)",0,56448,5248,0,"(1, 1)","(0, 0)",225792,20992,0,0.09297052154195011,0,0.09297052154195011,0,0.09297052154195011,0.0,0.029296875,0.00732421875,0.0
"(-1, 1536, 14, 14)","(-1, 128, 14, 14)","(1, 1)","(1, 1)","(0, 0)",0,"(0, 0)",0,301056,0,"(0, 0)","(0, 0)",0,25088,0,0,"(0, 0)","(0, 0)",301056,0,0,0.0,0,0.0,0,0.0,0.0,0.0,0.0,0.0
"(-1, 128, 14, 14)","(-1, 32, 14, 14)","(3, 3)","(1, 1)","(1, 1)",0,"(1, 1)",0,225792,20992,"(0, 0)","(1, 1)",0,56448,5248,0,"(1, 1)","(0, 0)",225792,20992,0,0.09297052154195011,0,0.09297052154195011,0,0.09297052154195011,0.0,0.029296875,0.00732421875,0.0
"(-1, 1568, 14, 14)","(-1, 128, 14, 14)","(1, 1)","(1, 1)","(0, 0)",0,"(0, 0)",0,307328,0,"(0, 0)","(0, 0)",0,25088,0,0,"(0, 0)","(0, 0)",307328,0,0,0.0,0,0.0,0,0.0,0.0,0.0,0.0,0.0
"(-1, 128, 14, 14)","(-1, 32, 14, 14)","(3, 3)","(1, 1)","(1, 1)",0,"(1, 1)",0,225792,20992,"(0, 0)","(1, 1)",0,56448,5248,0,"(1, 1)","(0, 0)",225792,20992,0,0.09297052154195011,0,0.09297052154195011,0,0.09297052154195011,0.0,0.029296875,0.00732421875,0.0
"(-1, 1600, 14, 14)","(-1, 128, 14, 14)","(1, 1)","(1, 1)","(0, 0)",0,"(0, 0)",0,313600,0,"(0, 0)","(0, 0)",0,25088,0,0,"(0, 0)","(0, 0)",313600,0,0,0.0,0,0.0,0,0.0,0.0,0.0,0.0,0.0
"(-1, 128, 14, 14)","(-1, 32, 14, 14)","(3, 3)","(1, 1)","(1, 1)",0,"(1, 1)",0,225792,20992,"(0, 0)","(1, 1)",0,56448,5248,0,"(1, 1)","(0, 0)",225792,20992,0,0.09297052154195011,0,0.09297052154195011,0,0.09297052154195011,0.0,0.029296875,0.00732421875,0.0
"(-1, 1632, 14, 14)","(-1, 128, 14, 14)","(1, 1)","(1, 1)","(0, 0)",0,"(0, 0)",0,319872,0,"(0, 0)","(0, 0)",0,25088,0,0,"(0, 0)","(0, 0)",319872,0,0,0.0,0,0.0,0,0.0,0.0,0.0,0.0,0.0
"(-1, 128, 14, 14)","(-1, 32, 14, 14)","(3, 3)","(1, 1)","(1, 1)",0,"(1, 1)",0,225792,20992,"(0, 0)","(1, 1)",0,56448,5248,0,"(1, 1)","(0, 0)",225792,20992,0,0.09297052154195011,0,0.09297052154195011,0,0.09297052154195011,0.0,0.029296875,0.00732421875,0.0
"(-1, 1664, 14, 14)","(-1, 128, 14, 14)","(1, 1)","(1, 1)","(0, 0)",0,"(0, 0)",0,326144,0,"(0, 0)","(0, 0)",0,25088,0,0,"(0, 0)","(0, 0)",326144,0,0,0.0,0,0.0,0,0.0,0.0,0.0,0.0,0.0
"(-1, 128, 14, 14)","(-1, 32, 14, 14)","(3, 3)","(1, 1)","(1, 1)",0,"(1, 1)",0,225792,20992,"(0, 0)","(1, 1)",0,56448,5248,0,"(1, 1)","(0, 0)",225792,20992,0,0.09297052154195011,0,0.09297052154195011,0,0.09297052154195011,0.0,0.029296875,0.00732421875,0.0
"(-1, 1696, 14, 14)","(-1, 128, 14, 14)","(1, 1)","(1, 1)","(0, 0)",0,"(0, 0)",0,332416,0,"(0, 0)","(0, 0)",0,25088,0,0,"(0, 0)","(0, 0)",332416,0,0,0.0,0,0.0,0,0.0,0.0,0.0,0.0,0.0
"(-1, 128, 14, 14)","(-1, 32, 14, 14)","(3, 3)","(1, 1)","(1, 1)",0,"(1, 1)",0,225792,20992,"(0, 0)","(1, 1)",0,56448,5248,0,"(1, 1)","(0, 0)",225792,20992,0,0.09297052154195011,0,0.09297052154195011,0,0.09297052154195011,0.0,0.029296875,0.00732421875,0.0
"(-1, 1728, 14, 14)","(-1, 128, 14, 14)","(1, 1)","(1, 1)","(0, 0)",0,"(0, 0)",0,338688,0,"(0, 0)","(0, 0)",0,25088,0,0,"(0, 0)","(0, 0)",338688,0,0,0.0,0,0.0,0,0.0,0.0,0.0,0.0,0.0
"(-1, 128, 14, 14)","(-1, 32, 14, 14)","(3, 3)","(1, 1)","(1, 1)",0,"(1, 1)",0,225792,20992,"(0, 0)","(1, 1)",0,56448,5248,0,"(1, 1)","(0, 0)",225792,20992,0,0.09297052154195011,0,0.09297052154195011,0,0.09297052154195011,0.0,0.029296875,0.00732421875,0.0
"(-1, 1760, 14, 14)","(-1, 128, 14, 14)","(1, 1)","(1, 1)","(0, 0)",0,"(0, 0)",0,344960,0,"(0, 0)","(0, 0)",0,25088,0,0,"(0, 0)","(0, 0)",344960,0,0,0.0,0,0.0,0,0.0,0.0,0.0,0.0,0.0
"(-1, 128, 14, 14)","(-1, 32, 14, 14)","(3, 3)","(1, 1)","(1, 1)",0,"(1, 1)",0,225792,20992,"(0, 0)","(1, 1)",0,56448,5248,0,"(1, 1)","(0, 0)",225792,20992,0,0.09297052154195011,0,0.09297052154195011,0,0.09297052154195011,0.0,0.029296875,0.00732421875,0.0
"(-1, 1792, 14, 14)","(-1, 896, 14, 14)","(1, 1)","(1, 1)","(0, 0)",0,"(0, 0)",0,351232,0,"(0, 0)","(0, 0)",0,175616,0,0,"(0, 0)","(0, 0)",351232,0,0,0.0,0,0.0,0,0.0,0.0,0.0,0.0,0.0
"(-1, 896, 7, 7)","(-1, 128, 7, 7)","(1, 1)","(1, 1)","(0, 0)",0,"(0, 0)",0,43904,0,"(0, 0)","(0, 0)",0,6272,0,0,"(0, 0)","(0, 0)",43904,0,0,0.0,0,0.0,0,0.0,0.0,0.0,0.0,0.0
"(-1, 128, 7, 7)","(-1, 32, 7, 7)","(3, 3)","(1, 1)","(1, 1)",0,"(1, 1)",0,56448,10240,"(0, 0)","(1, 1)",0,14112,2560,0,"(1, 1)","(0, 0)",56448,10240,0,0.18140589569160998,0,0.18140589569160998,0,0.18140589569160998,0.0,0.015625,0.00390625,0.0
"(-1, 928, 7, 7)","(-1, 128, 7, 7)","(1, 1)","(1, 1)","(0, 0)",0,"(0, 0)",0,45472,0,"(0, 0)","(0, 0)",0,6272,0,0,"(0, 0)","(0, 0)",45472,0,0,0.0,0,0.0,0,0.0,0.0,0.0,0.0,0.0
"(-1, 128, 7, 7)","(-1, 32, 7, 7)","(3, 3)","(1, 1)","(1, 1)",0,"(1, 1)",0,56448,10240,"(0, 0)","(1, 1)",0,14112,2560,0,"(1, 1)","(0, 0)",56448,10240,0,0.18140589569160998,0,0.18140589569160998,0,0.18140589569160998,0.0,0.015625,0.00390625,0.0
"(-1, 960, 7, 7)","(-1, 128, 7, 7)","(1, 1)","(1, 1)","(0, 0)",0,"(0, 0)",0,47040,0,"(0, 0)","(0, 0)",0,6272,0,0,"(0, 0)","(0, 0)",47040,0,0,0.0,0,0.0,0,0.0,0.0,0.0,0.0,0.0
"(-1, 128, 7, 7)","(-1, 32, 7, 7)","(3, 3)","(1, 1)","(1, 1)",0,"(1, 1)",0,56448,10240,"(0, 0)","(1, 1)",0,14112,2560,0,"(1, 1)","(0, 0)",56448,10240,0,0.18140589569160998,0,0.18140589569160998,0,0.18140589569160998,0.0,0.015625,0.00390625,0.0
"(-1, 992, 7, 7)","(-1, 128, 7, 7)","(1, 1)","(1, 1)","(0, 0)",0,"(0, 0)",0,48608,0,"(0, 0)","(0, 0)",0,6272,0,0,"(0, 0)","(0, 0)",48608,0,0,0.0,0,0.0,0,0.0,0.0,0.0,0.0,0.0
"(-1, 128, 7, 7)","(-1, 32, 7, 7)","(3, 3)","(1, 1)","(1, 1)",0,"(1, 1)",0,56448,10240,"(0, 0)","(1, 1)",0,14112,2560,0,"(1, 1)","(0, 0)",56448,10240,0,0.18140589569160998,0,0.18140589569160998,0,0.18140589569160998,0.0,0.015625,0.00390625,0.0
"(-1, 1024, 7, 7)","(-1, 128, 7, 7)","(1, 1)","(1, 1)","(0, 0)",0,"(0, 0)",0,50176,0,"(0, 0)","(0, 0)",0,6272,0,0,"(0, 0)","(0, 0)",50176,0,0,0.0,0,0.0,0,0.0,0.0,0.0,0.0,0.0
"(-1, 128, 7, 7)","(-1, 32, 7, 7)","(3, 3)","(1, 1)","(1, 1)",0,"(1, 1)",0,56448,10240,"(0, 0)","(1, 1)",0,14112,2560,0,"(1, 1)","(0, 0)",56448,10240,0,0.18140589569160998,0,0.18140589569160998,0,0.18140589569160998,0.0,0.015625,0.00390625,0.0
"(-1, 1056, 7, 7)","(-1, 128, 7, 7)","(1, 1)","(1, 1)","(0, 0)",0,"(0, 0)",0,51744,0,"(0, 0)","(0, 0)",0,6272,0,0,"(0, 0)","(0, 0)",51744,0,0,0.0,0,0.0,0,0.0,0.0,0.0,0.0,0.0
"(-1, 128, 7, 7)","(-1, 32, 7, 7)","(3, 3)","(1, 1)","(1, 1)",0,"(1, 1)",0,56448,10240,"(0, 0)","(1, 1)",0,14112,2560,0,"(1, 1)","(0, 0)",56448,10240,0,0.18140589569160998,0,0.18140589569160998,0,0.18140589569160998,0.0,0.015625,0.00390625,0.0
"(-1, 1088, 7, 7)","(-1, 128, 7, 7)","(1, 1)","(1, 1)","(0, 0)",0,"(0, 0)",0,53312,0,"(0, 0)","(0, 0)",0,6272,0,0,"(0, 0)","(0, 0)",53312,0,0,0.0,0,0.0,0,0.0,0.0,0.0,0.0,0.0
"(-1, 128, 7, 7)","(-1, 32, 7, 7)","(3, 3)","(1, 1)","(1, 1)",0,"(1, 1)",0,56448,10240,"(0, 0)","(1, 1)",0,14112,2560,0,"(1, 1)","(0, 0)",56448,10240,0,0.18140589569160998,0,0.18140589569160998,0,0.18140589569160998,0.0,0.015625,0.00390625,0.0
"(-1, 1120, 7, 7)","(-1, 128, 7, 7)","(1, 1)","(1, 1)","(0, 0)",0,"(0, 0)",0,54880,0,"(0, 0)","(0, 0)",0,6272,0,0,"(0, 0)","(0, 0)",54880,0,0,0.0,0,0.0,0,0.0,0.0,0.0,0.0,0.0
"(-1, 128, 7, 7)","(-1, 32, 7, 7)","(3, 3)","(1, 1)","(1, 1)",0,"(1, 1)",0,56448,10240,"(0, 0)","(1, 1)",0,14112,2560,0,"(1, 1)","(0, 0)",56448,10240,0,0.18140589569160998,0,0.18140589569160998,0,0.18140589569160998,0.0,0.015625,0.00390625,0.0
"(-1, 1152, 7, 7)","(-1, 128, 7, 7)","(1, 1)","(1, 1)","(0, 0)",0,"(0, 0)",0,56448,0,"(0, 0)","(0, 0)",0,6272,0,0,"(0, 0)","(0, 0)",56448,0,0,0.0,0,0.0,0,0.0,0.0,0.0,0.0,0.0
"(-1, 128, 7, 7)","(-1, 32, 7, 7)","(3, 3)","(1, 1)","(1, 1)",0,"(1, 1)",0,56448,10240,"(0, 0)","(1, 1)",0,14112,2560,0,"(1, 1)","(0, 0)",56448,10240,0,0.18140589569160998,0,0.18140589569160998,0,0.18140589569160998,0.0,0.015625,0.00390625,0.0
"(-1, 1184, 7, 7)","(-1, 128, 7, 7)","(1, 1)","(1, 1)","(0, 0)",0,"(0, 0)",0,58016,0,"(0, 0)","(0, 0)",0,6272,0,0,"(0, 0)","(0, 0)",58016,0,0,0.0,0,0.0,0,0.0,0.0,0.0,0.0,0.0
"(-1, 128, 7, 7)","(-1, 32, 7, 7)","(3, 3)","(1, 1)","(1, 1)",0,"(1, 1)",0,56448,10240,"(0, 0)","(1, 1)",0,14112,2560,0,"(1, 1)","(0, 0)",56448,10240,0,0.18140589569160998,0,0.18140589569160998,0,0.18140589569160998,0.0,0.015625,0.00390625,0.0
"(-1, 1216, 7, 7)","(-1, 128, 7, 7)","(1, 1)","(1, 1)","(0, 0)",0,"(0, 0)",0,59584,0,"(0, 0)","(0, 0)",0,6272,0,0,"(0, 0)","(0, 0)",59584,0,0,0.0,0,0.0,0,0.0,0.0,0.0,0.0,0.0
"(-1, 128, 7, 7)","(-1, 32, 7, 7)","(3, 3)","(1, 1)","(1, 1)",0,"(1, 1)",0,56448,10240,"(0, 0)","(1, 1)",0,14112,2560,0,"(1, 1)","(0, 0)",56448,10240,0,0.18140589569160998,0,0.18140589569160998,0,0.18140589569160998,0.0,0.015625,0.00390625,0.0
"(-1, 1248, 7, 7)","(-1, 128, 7, 7)","(1, 1)","(1, 1)","(0, 0)",0,"(0, 0)",0,61152,0,"(0, 0)","(0, 0)",0,6272,0,0,"(0, 0)","(0, 0)",61152,0,0,0.0,0,0.0,0,0.0,0.0,0.0,0.0,0.0
"(-1, 128, 7, 7)","(-1, 32, 7, 7)","(3, 3)","(1, 1)","(1, 1)",0,"(1, 1)",0,56448,10240,"(0, 0)","(1, 1)",0,14112,2560,0,"(1, 1)","(0, 0)",56448,10240,0,0.18140589569160998,0,0.18140589569160998,0,0.18140589569160998,0.0,0.015625,0.00390625,0.0
"(-1, 1280, 7, 7)","(-1, 128, 7, 7)","(1, 1)","(1, 1)","(0, 0)",0,"(0, 0)",0,62720,0,"(0, 0)","(0, 0)",0,6272,0,0,"(0, 0)","(0, 0)",62720,0,0,0.0,0,0.0,0,0.0,0.0,0.0,0.0,0.0
"(-1, 128, 7, 7)","(-1, 32, 7, 7)","(3, 3)","(1, 1)","(1, 1)",0,"(1, 1)",0,56448,10240,"(0, 0)","(1, 1)",0,14112,2560,0,"(1, 1)","(0, 0)",56448,10240,0,0.18140589569160998,0,0.18140589569160998,0,0.18140589569160998,0.0,0.015625,0.00390625,0.0
"(-1, 1312, 7, 7)","(-1, 128, 7, 7)","(1, 1)","(1, 1)","(0, 0)",0,"(0, 0)",0,64288,0,"(0, 0)","(0, 0)",0,6272,0,0,"(0, 0)","(0, 0)",64288,0,0,0.0,0,0.0,0,0.0,0.0,0.0,0.0,0.0
"(-1, 128, 7, 7)","(-1, 32, 7, 7)","(3, 3)","(1, 1)","(1, 1)",0,"(1, 1)",0,56448,10240,"(0, 0)","(1, 1)",0,14112,2560,0,"(1, 1)","(0, 0)",56448,10240,0,0.18140589569160998,0,0.18140589569160998,0,0.18140589569160998,0.0,0.015625,0.00390625,0.0
"(-1, 1344, 7, 7)","(-1, 128, 7, 7)","(1, 1)","(1, 1)","(0, 0)",0,"(0, 0)",0,65856,0,"(0, 0)","(0, 0)",0,6272,0,0,"(0, 0)","(0, 0)",65856,0,0,0.0,0,0.0,0,0.0,0.0,0.0,0.0,0.0
"(-1, 128, 7, 7)","(-1, 32, 7, 7)","(3, 3)","(1, 1)","(1, 1)",0,"(1, 1)",0,56448,10240,"(0, 0)","(1, 1)",0,14112,2560,0,"(1, 1)","(0, 0)",56448,10240,0,0.18140589569160998,0,0.18140589569160998,0,0.18140589569160998,0.0,0.015625,0.00390625,0.0
"(-1, 1376, 7, 7)","(-1, 128, 7, 7)","(1, 1)","(1, 1)","(0, 0)",0,"(0, 0)",0,67424,0,"(0, 0)","(0, 0)",0,6272,0,0,"(0, 0)","(0, 0)",67424,0,0,0.0,0,0.0,0,0.0,0.0,0.0,0.0,0.0
"(-1, 128, 7, 7)","(-1, 32, 7, 7)","(3, 3)","(1, 1)","(1, 1)",0,"(1, 1)",0,56448,10240,"(0, 0)","(1, 1)",0,14112,2560,0,"(1, 1)","(0, 0)",56448,10240,0,0.18140589569160998,0,0.18140589569160998,0,0.18140589569160998,0.0,0.015625,0.00390625,0.0
"(-1, 1408, 7, 7)","(-1, 128, 7, 7)","(1, 1)","(1, 1)","(0, 0)",0,"(0, 0)",0,68992,0,"(0, 0)","(0, 0)",0,6272,0,0,"(0, 0)","(0, 0)",68992,0,0,0.0,0,0.0,0,0.0,0.0,0.0,0.0,0.0
"(-1, 128, 7, 7)","(-1, 32, 7, 7)","(3, 3)","(1, 1)","(1, 1)",0,"(1, 1)",0,56448,10240,"(0, 0)","(1, 1)",0,14112,2560,0,"(1, 1)","(0, 0)",56448,10240,0,0.18140589569160998,0,0.18140589569160998,0,0.18140589569160998,0.0,0.015625,0.00390625,0.0
"(-1, 1440, 7, 7)","(-1, 128, 7, 7)","(1, 1)","(1, 1)","(0, 0)",0,"(0, 0)",0,70560,0,"(0, 0)","(0, 0)",0,6272,0,0,"(0, 0)","(0, 0)",70560,0,0,0.0,0,0.0,0,0.0,0.0,0.0,0.0,0.0
"(-1, 128, 7, 7)","(-1, 32, 7, 7)","(3, 3)","(1, 1)","(1, 1)",0,"(1, 1)",0,56448,10240,"(0, 0)","(1, 1)",0,14112,2560,0,"(1, 1)","(0, 0)",56448,10240,0,0.18140589569160998,0,0.18140589569160998,0,0.18140589569160998,0.0,0.015625,0.00390625,0.0
"(-1, 1472, 7, 7)","(-1, 128, 7, 7)","(1, 1)","(1, 1)","(0, 0)",0,"(0, 0)",0,72128,0,"(0, 0)","(0, 0)",0,6272,0,0,"(0, 0)","(0, 0)",72128,0,0,0.0,0,0.0,0,0.0,0.0,0.0,0.0,0.0
"(-1, 128, 7, 7)","(-1, 32, 7, 7)","(3, 3)","(1, 1)","(1, 1)",0,"(1, 1)",0,56448,10240,"(0, 0)","(1, 1)",0,14112,2560,0,"(1, 1)","(0, 0)",56448,10240,0,0.18140589569160998,0,0.18140589569160998,0,0.18140589569160998,0.0,0.015625,0.00390625,0.0
"(-1, 1504, 7, 7)","(-1, 128, 7, 7)","(1, 1)","(1, 1)","(0, 0)",0,"(0, 0)",0,73696,0,"(0, 0)","(0, 0)",0,6272,0,0,"(0, 0)","(0, 0)",73696,0,0,0.0,0,0.0,0,0.0,0.0,0.0,0.0,0.0
"(-1, 128, 7, 7)","(-1, 32, 7, 7)","(3, 3)","(1, 1)","(1, 1)",0,"(1, 1)",0,56448,10240,"(0, 0)","(1, 1)",0,14112,2560,0,"(1, 1)","(0, 0)",56448,10240,0,0.18140589569160998,0,0.18140589569160998,0,0.18140589569160998,0.0,0.015625,0.00390625,0.0
"(-1, 1536, 7, 7)","(-1, 128, 7, 7)","(1, 1)","(1, 1)","(0, 0)",0,"(0, 0)",0,75264,0,"(0, 0)","(0, 0)",0,6272,0,0,"(0, 0)","(0, 0)",75264,0,0,0.0,0,0.0,0,0.0,0.0,0.0,0.0,0.0
"(-1, 128, 7, 7)","(-1, 32, 7, 7)","(3, 3)","(1, 1)","(1, 1)",0,"(1, 1)",0,56448,10240,"(0, 0)","(1, 1)",0,14112,2560,0,"(1, 1)","(0, 0)",56448,10240,0,0.18140589569160998,0,0.18140589569160998,0,0.18140589569160998,0.0,0.015625,0.00390625,0.0
"(-1, 1568, 7, 7)","(-1, 128, 7, 7)","(1, 1)","(1, 1)","(0, 0)",0,"(0, 0)",0,76832,0,"(0, 0)","(0, 0)",0,6272,0,0,"(0, 0)","(0, 0)",76832,0,0,0.0,0,0.0,0,0.0,0.0,0.0,0.0,0.0
"(-1, 128, 7, 7)","(-1, 32, 7, 7)","(3, 3)","(1, 1)","(1, 1)",0,"(1, 1)",0,56448,10240,"(0, 0)","(1, 1)",0,14112,2560,0,"(1, 1)","(0, 0)",56448,10240,0,0.18140589569160998,0,0.18140589569160998,0,0.18140589569160998,0.0,0.015625,0.00390625,0.0
"(-1, 1600, 7, 7)","(-1, 128, 7, 7)","(1, 1)","(1, 1)","(0, 0)",0,"(0, 0)",0,78400,0,"(0, 0)","(0, 0)",0,6272,0,0,"(0, 0)","(0, 0)",78400,0,0,0.0,0,0.0,0,0.0,0.0,0.0,0.0,0.0
"(-1, 128, 7, 7)","(-1, 32, 7, 7)","(3, 3)","(1, 1)","(1, 1)",0,"(1, 1)",0,56448,10240,"(0, 0)","(1, 1)",0,14112,2560,0,"(1, 1)","(0, 0)",56448,10240,0,0.18140589569160998,0,0.18140589569160998,0,0.18140589569160998,0.0,0.015625,0.00390625,0.0
"(-1, 1632, 7, 7)","(-1, 128, 7, 7)","(1, 1)","(1, 1)","(0, 0)",0,"(0, 0)",0,79968,0,"(0, 0)","(0, 0)",0,6272,0,0,"(0, 0)","(0, 0)",79968,0,0,0.0,0,0.0,0,0.0,0.0,0.0,0.0,0.0
"(-1, 128, 7, 7)","(-1, 32, 7, 7)","(3, 3)","(1, 1)","(1, 1)",0,"(1, 1)",0,56448,10240,"(0, 0)","(1, 1)",0,14112,2560,0,"(1, 1)","(0, 0)",56448,10240,0,0.18140589569160998,0,0.18140589569160998,0,0.18140589569160998,0.0,0.015625,0.00390625,0.0
"(-1, 1664, 7, 7)","(-1, 128, 7, 7)","(1, 1)","(1, 1)","(0, 0)",0,"(0, 0)",0,81536,0,"(0, 0)","(0, 0)",0,6272,0,0,"(0, 0)","(0, 0)",81536,0,0,0.0,0,0.0,0,0.0,0.0,0.0,0.0,0.0
"(-1, 128, 7, 7)","(-1, 32, 7, 7)","(3, 3)","(1, 1)","(1, 1)",0,"(1, 1)",0,56448,10240,"(0, 0)","(1, 1)",0,14112,2560,0,"(1, 1)","(0, 0)",56448,10240,0,0.18140589569160998,0,0.18140589569160998,0,0.18140589569160998,0.0,0.015625,0.00390625,0.0
"(-1, 1696, 7, 7)","(-1, 128, 7, 7)","(1, 1)","(1, 1)","(0, 0)",0,"(0, 0)",0,83104,0,"(0, 0)","(0, 0)",0,6272,0,0,"(0, 0)","(0, 0)",83104,0,0,0.0,0,0.0,0,0.0,0.0,0.0,0.0,0.0
"(-1, 128, 7, 7)","(-1, 32, 7, 7)","(3, 3)","(1, 1)","(1, 1)",0,"(1, 1)",0,56448,10240,"(0, 0)","(1, 1)",0,14112,2560,0,"(1, 1)","(0, 0)",56448,10240,0,0.18140589569160998,0,0.18140589569160998,0,0.18140589569160998,0.0,0.015625,0.00390625,0.0
"(-1, 1728, 7, 7)","(-1, 128, 7, 7)","(1, 1)","(1, 1)","(0, 0)",0,"(0, 0)",0,84672,0,"(0, 0)","(0, 0)",0,6272,0,0,"(0, 0)","(0, 0)",84672,0,0,0.0,0,0.0,0,0.0,0.0,0.0,0.0,0.0
"(-1, 128, 7, 7)","(-1, 32, 7, 7)","(3, 3)","(1, 1)","(1, 1)",0,"(1, 1)",0,56448,10240,"(0, 0)","(1, 1)",0,14112,2560,0,"(1, 1)","(0, 0)",56448,10240,0,0.18140589569160998,0,0.18140589569160998,0,0.18140589569160998,0.0,0.015625,0.00390625,0.0
"(-1, 1760, 7, 7)","(-1, 128, 7, 7)","(1, 1)","(1, 1)","(0, 0)",0,"(0, 0)",0,86240,0,"(0, 0)","(0, 0)",0,6272,0,0,"(0, 0)","(0, 0)",86240,0,0,0.0,0,0.0,0,0.0,0.0,0.0,0.0,0.0
"(-1, 128, 7, 7)","(-1, 32, 7, 7)","(3, 3)","(1, 1)","(1, 1)",0,"(1, 1)",0,56448,10240,"(0, 0)","(1, 1)",0,14112,2560,0,"(1, 1)","(0, 0)",56448,10240,0,0.18140589569160998,0,0.18140589569160998,0,0.18140589569160998,0.0,0.015625,0.00390625,0.0
"(-1, 1792, 7, 7)","(-1, 128, 7, 7)","(1, 1)","(1, 1)","(0, 0)",0,"(0, 0)",0,87808,0,"(0, 0)","(0, 0)",0,6272,0,0,"(0, 0)","(0, 0)",87808,0,0,0.0,0,0.0,0,0.0,0.0,0.0,0.0,0.0
"(-1, 128, 7, 7)","(-1, 32, 7, 7)","(3, 3)","(1, 1)","(1, 1)",0,"(1, 1)",0,56448,10240,"(0, 0)","(1, 1)",0,14112,2560,0,"(1, 1)","(0, 0)",56448,10240,0,0.18140589569160998,0,0.18140589569160998,0,0.18140589569160998,0.0,0.015625,0.00390625,0.0
"(-1, 1824, 7, 7)","(-1, 128, 7, 7)","(1, 1)","(1, 1)","(0, 0)",0,"(0, 0)",0,89376,0,"(0, 0)","(0, 0)",0,6272,0,0,"(0, 0)","(0, 0)",89376,0,0,0.0,0,0.0,0,0.0,0.0,0.0,0.0,0.0
"(-1, 128, 7, 7)","(-1, 32, 7, 7)","(3, 3)","(1, 1)","(1, 1)",0,"(1, 1)",0,56448,10240,"(0, 0)","(1, 1)",0,14112,2560,0,"(1, 1)","(0, 0)",56448,10240,0,0.18140589569160998,0,0.18140589569160998,0,0.18140589569160998,0.0,0.015625,0.00390625,0.0
"(-1, 1856, 7, 7)","(-1, 128, 7, 7)","(1, 1)","(1, 1)","(0, 0)",0,"(0, 0)",0,90944,0,"(0, 0)","(0, 0)",0,6272,0,0,"(0, 0)","(0, 0)",90944,0,0,0.0,0,0.0,0,0.0,0.0,0.0,0.0,0.0
"(-1, 128, 7, 7)","(-1, 32, 7, 7)","(3, 3)","(1, 1)","(1, 1)",0,"(1, 1)",0,56448,10240,"(0, 0)","(1, 1)",0,14112,2560,0,"(1, 1)","(0, 0)",56448,10240,0,0.18140589569160998,0,0.18140589569160998,0,0.18140589569160998,0.0,0.015625,0.00390625,0.0
"(-1, 1888, 7, 7)","(-1, 128, 7, 7)","(1, 1)","(1, 1)","(0, 0)",0,"(0, 0)",0,92512,0,"(0, 0)","(0, 0)",0,6272,0,0,"(0, 0)","(0, 0)",92512,0,0,0.0,0,0.0,0,0.0,0.0,0.0,0.0,0.0
"(-1, 128, 7, 7)","(-1, 32, 7, 7)","(3, 3)","(1, 1)","(1, 1)",0,"(1, 1)",0,56448,10240,"(0, 0)","(1, 1)",0,14112,2560,0,"(1, 1)","(0, 0)",56448,10240,0,0.18140589569160998,0,0.18140589569160998,0,0.18140589569160998,0.0,0.015625,0.00390625,0.0
